내부업체,대외기관
유캔그린,유캔그린
퓨처위즈,동부저축은행
하나캐피탈,유앤솔루션
DB손해보험,퓨처위즈
IBK캐피탈,퓨처위즈
롯데카드,퓨처위즈
유안타저축은행,퓨처위즈
키움캐피탈,퓨처위즈
BC카드,유앤솔루션
DB손해보험,상상인
DB손해보험,유앤솔루션
IBK캐피탈,AT코넥
IBK캐피탈,씽크풀
IBK캐피탈,유앤솔루션
IBK캐피탈,유캔그린
KB손해보험,상상인
KB손해보험,유앤솔루션
KB손해보험,퓨처위즈
KB저축은행,씽크풀
KB저축은행,유앤솔루션
NH캐피탈,AT코넥
NH캐피탈,씽크풀
NH캐피탈,유앤솔루션
NH캐피탈,유캔그린
NH캐피탈,퓨처위즈
상상인,상상인
유앤솔루션,유앤솔루션
키움캐피탈,AT코넥
키움캐피탈,상상인
키움캐피탈,씽크풀
키움캐피탈,유앤솔루션
키움캐피탈,유캔그린
키움캐피탈,토마토파트너스
키움캐피탈,핀드
퓨처위즈,퓨처위즈
핀드,핀드
하나저축은행,유앤솔루션
하나저축은행,유캔그린
다올저축은행,상상인
다올저축은행,씽크풀
다올저축은행,유앤솔루션
